allThreads,Latency,request
3,758,820
4,727,820
5,729,820
6,738,820
7,710,820
8,759,820
9,716,820
10,726,820
11,739,820
12,724,820
13,674,820
13,728,820
14,663,820
14,713,820
15,680,820
15,723,820
16,677,820
16,734,820
17,671,820
17,730,820
18,680,820
18,761,820
19,681,820
19,740,820
20,676,820
20,724,820
21,690,820
21,747,820
22,681,820
22,738,820
23,677,820
23,683,820
23,741,820
24,677,820
24,677,820
24,716,820
25,700,820
25,700,820
25,752,820
26,708,820
26,711,820
26,742,820
27,687,820
27,686,820
27,749,820
28,700,820
28,700,820
28,733,820
29,714,820
29,716,820
29,762,820
30,690,820
30,690,820
30,743,820
31,706,820
31,711,820
31,755,820
32,705,820
32,706,820
32,750,820
33,708,820
33,717,820
33,717,820
33,758,820
34,709,820
34,724,820
34,721,820
34,752,820
35,708,820
35,710,820
35,711,820
35,772,820
36,713,820
36,726,820
36,725,820
36,757,820
37,719,820
37,722,820
37,722,820
37,767,820
38,739,820
38,738,820
38,741,820
38,784,820
39,736,820
39,737,820
39,728,820
39,801,820
40,739,820
40,741,820
40,742,820
40,789,820
41,734,820
41,735,820
41,735,820
41,792,820
42,735,820
42,735,820
42,741,820
42,812,820
43,753,820
43,750,820
43,752,820
43,752,820
43,811,820
44,748,820
44,746,820
44,748,820
44,761,820
44,803,820
45,744,820
45,745,820
45,755,820
45,754,820
45,801,820
46,776,820
46,779,820
46,777,820
46,781,820
46,809,820
